  Time (Seconds) , FPS , Current Stage 
1,,Scanning Environment
2,  60,Scanning Environment
3,  59,Scanning Environment
4,  60,Scanning Environment
5,  60,Vuforia Tracking
6,  58,Vuforia Tracking
7,  61,Vuforia Tracking
8,  59,Vuforia Tracking
9,  53,Vuforia Tracking
10,  59,Vuforia Tracking
11,  60,Vuforia Tracking
12,  55,Vuforia Tracking
13,  57,Vuforia Tracking
14,  61,Robot Stabilized
15,  51,Robot Stabilized
16,  64,Robot Stabilized
17,  60,Robot Stabilized
18,  45,Robot Stabilized
19,  61,Robot Stabilized
20,  60,Robot Stabilized
21,  59,Robot Stabilized
22,  59,Robot Stabilized
23,  60,Start planning path
24,  58,Start planning path
25,  59,Start planning path
26,  60,Start planning path
27,  52,Start planning path
28,  59,Start planning path
29,  59,Start planning path
30,  60,Start planning path
31,  61,Start planning path
32,  62,Start planning path
33,  61,Start planning path
34,  59,Start planning path
35,  61,Start planning path
36,  60,Start planning path
37,  59,Start planning path
38,  62,Start planning path
39,  62,Start planning path
40,  61,Start planning path
41,  61,Start planning path
42,  51,Start planning path
43,  62,Start planning path
44,  60,Start planning path
45,  60,Start planning path
46,  60,Start planning path
47,  61,Start planning path
48,  59,Start planning path
49,  61,Start planning path
50,  60,Start planning path
51,  60,Start planning path
52,  56,Start planning path
53,  52,Start planning path
54,  62,Start planning path
55,  60,Start planning path
56,  59,Start planning path
57,  60,Start planning path
58,  60,Start planning path
59,  61,Start planning path
60,  63,Start planning path
61,  60,Start planning path
62,  58,Start planning path
63,  60,Start planning path
64,  60,Start planning path
65,  59,Start planning path
66,  59,Start planning path
67,  60,Start planning path
68,  53,Start planning path
69,  60,Start planning path
70,  59,Start planning path
71,  60,Start planning path
72,  58,Start planning path
73,  60,Start planning path
74,  62,Start planning path
75,  59,Start planning path
76,  61,Start planning path
77,  60,Start planning path
78,  59,Start planning path
79,  60,Start planning path
80,  57,Start planning path
81,  60,Start planning path
82,  60,Start planning path
83,  61,Start planning path
84,  60,Start planning path
85,  60,Start planning path
86,  59,Start planning path
87,  61,Start planning path
88,  60,Start planning path
89,  60,Start planning path
90,  60,Start planning path
91,  60,Start planning path
92,  62,Start planning path
93,  59,Start planning path
94,  59,Start planning path
95,  60,Start planning path
96,  45,Start planning path
97,  48,Start planning path
98,  46,Start planning path
99,  38,Start planning path
100,  42,Start planning path
101,  42,Start planning path
102,  43,Start planning path
103,  43,Start planning path
104,  51,Start planning path
105,  45,Start planning path
106,  46,Start planning path
107,  54,Start planning path
108,  45,Start planning path
109,  53,Start planning path
110,  52,Path end reached
111,  47,Path end reached
112,  49,Path end reached
113,  42,Start executing path
114,  46,Start executing path
115,  46,Start executing path
116,  52,Start executing path
117,  46,Start executing path
118,  45,Start executing path
119,  45,Start executing path
120,  42,Start executing path
121,  41,Start executing path
122,  46,Start executing path
123,  45,Start executing path
124,  36,Start executing path
125,  44,Start executing path
126,  37,Start executing path
127,  39,Path end reached
128,  40,Path end reached
129,  42,Path end reached
130,  39,Path end reached
131,  42,Path end reached
132,  43,Path end reached
133,  43,Path end reached
134,  42,Path end reached
135,  43,Path end reached
136,  44,Path end reached
137,  42,Path end reached
138,  43,Path end reached
139,  45,Path end reached
140,  46,Path end reached
141,  44,Path end reached
142,  43,Path end reached
143,  46,Path end reached
144,  44,Path end reached
145,  46,Path end reached
146,  46,Path end reached
147,  46,Path end reached
148,  45,Path end reached
149,  43,Path end reached
150,  42,Path end reached
151,  41,Path end reached
152,  44,Path end reached
153,  46,Path end reached
154,  46,Path end reached
155,  43,Path end reached
156,  45,Path end reached
157,  43,Path end reached
158,  45,Path end reached
159,  45,Path end reached
160,  45,Path end reached
161,  52,Path end reached
162,  47,Path end reached
163,  46,Path end reached
164,  45,Path end reached
165,  44,Path end reached
166,  46,Path end reached
167,  46,Path end reached
168,  42,Path end reached
169,  44,Path end reached
170,  44,Path end reached
171,  39,Path end reached
172,  41,Path end reached
173,  52,Path end reached
174,  46,Path end reached
175,  45,Path end reached
176,  44,Path end reached
177,  41,Path end reached
178,  53,Path end reached
179,  41,Path end reached
180,  55,Path end reached
181,  50,Path end reached
182,  53,Path end reached
183,  54,Path end reached
184,  51,Path end reached
185,  51,Path end reached
186,  62,Path end reached
187,  44,Reset Environment
188,  61,Start planning path
189,  59,Start planning path
190,  61,Start planning path
191,  58,Start planning path
192,  63,Start planning path
193,  59,Start planning path
194,  59,Start planning path
195,  59,Start planning path
196,  60,Start planning path
197,  61,Start planning path
198,  61,Start planning path
199,  61,Start planning path
200,  60,Start planning path
201,  61,Start planning path
202,  60,Start planning path
203,  60,Start planning path
204,  59,Start planning path
205,  60,Start planning path
206,  61,Start planning path
207,  59,Start planning path
208,  59,Start planning path
209,  59,Start planning path
210,  56,Start planning path
211,  59,Start planning path
212,  59,Start planning path
213,  61,Start planning path
214,  60,Start planning path
215,  59,Start planning path
216,  58,Start planning path
217,  59,Start planning path
218,  62,Start planning path
219,  59,Start planning path
220,  60,Start planning path
221,  58,Start planning path
222,  61,Start planning path
223,  60,Start planning path
224,  60,Start planning path
225,  61,Start planning path
226,  58,Start planning path
227,  50,Start planning path
228,  50,Start planning path
229,  60,Start planning path
230,  62,Start planning path
231,  61,Start planning path
232,  50,Start planning path
233,  53,Start planning path
234,  60,Start planning path
235,  60,Start planning path
236,  58,Start planning path
237,  60,Start planning path
238,  61,Start planning path
239,  59,Start planning path
240,  59,Start planning path
241,  60,Start planning path
242,  64,Start planning path
243,  60,Start planning path
244,  59,Start planning path
245,  62,Start planning path
246,  43,Start planning path
247,  59,Start planning path
248,  60,Start planning path
249,  59,Start planning path
250,  59,Start planning path
251,  61,Start planning path
252,  61,Start planning path
253,  66,Start planning path
254,  60,Start planning path
255,  60,Start planning path
256,  60,Start planning path
257,  49,Start planning path
258,  62,Start planning path
259,  60,Start planning path
260,  51,Start planning path
261,  42,Start planning path
262,  43,Start planning path
263,  45,Start planning path
264,  45,Start planning path
265,  44,Start planning path
266,  41,Start planning path
267,  36,Start planning path
268,  54,Start planning path
269,  50,Start planning path
270,  43,Start planning path
271,  45,Start planning path
272,  43,Start planning path
273,  52,Start planning path
274,  52,Start planning path
275,  51,Start planning path
276,  42,Start planning path
277,  52,Start planning path
278,  50,Start planning path
279,  46,Start planning path
280,  56,Start executing path
281,  57,Start executing path
282,  61,Start executing path
283,  44,Start executing path
284,  53,Start executing path
285,  42,Start executing path
286,  54,Start executing path
287,  39,Start executing path
288,  42,Start executing path
289,  43,Start executing path
290,  45,Start executing path
291,  44,Start executing path
292,  46,Start executing path
293,  49,Start executing path
294,  44,Start executing path
295,  44,Start executing path
296,  42,Start executing path
297,  54,Path end reached
298,  41,Path end reached
299,  42,Path end reached
300,  45,Path end reached
301,  43,Path end reached
302,  46,Path end reached
303,  46,Path end reached
304,  38,Path end reached
305,  46,Path end reached
306,  44,Path end reached
307,  38,Path end reached
308,  46,Path end reached
309,  42,Path end reached
310,  39,Path end reached
311,  44,Path end reached
312,  46,Path end reached
313,  46,Path end reached
314,  53,Path end reached
315,  47,Path end reached
316,  53,Path end reached
317,  42,Path end reached
318,  50,Path end reached
319,  49,Path end reached
320,  49,Path end reached
321,  43,Path end reached
322,  50,Path end reached
323,  49,Path end reached
324,  50,Path end reached
325,  53,Path end reached
326,  44,Path end reached
327,  42,Path end reached
328,  43,Path end reached
329,  54,Path end reached
330,  45,Path end reached
331,  42,Path end reached
332,  42,Path end reached
333,  48,Path end reached
334,  46,Path end reached
335,  55,Path end reached
336,  54,Path end reached
337,  49,Path end reached
338,  43,Path end reached
339,  50,Path end reached
340,  41,Path end reached
341,  50,Path end reached
342,  54,Path end reached
343,  50,Path end reached
344,  39,Path end reached
345,  41,Path end reached
346,  43,Path end reached
347,  38,Path end reached
348,  49,Path end reached
349,  41,Path end reached
350,  49,Path end reached
351,  46,Path end reached
352,  52,Path end reached
353,  40,Path end reached
354,  56,Path end reached
355,  44,Path end reached
356,  39,Path end reached
357,  41,Path end reached
358,  49,Path end reached
359,  48,Path end reached
360,  50,Path end reached
361,  54,Path end reached
362,  38,Path end reached
363,  39,Path end reached
364,  44,Path end reached
365,  51,Path end reached
366,  38,Path end reached
367,  46,Path end reached
368,  47,Path end reached
369,  44,Path end reached
370,  44,Path end reached
371,  39,Path end reached
372,  50,Path end reached
373,  44,Path end reached
374,  49,Path end reached
375,  55,Path end reached
376,  52,Path end reached
377,  56,Path end reached
378,  27,Path end reached
379,  54,Path end reached
380,  52,Path end reached
381,  51,Path end reached
382,  50,Path end reached
383,  45,Path end reached
384,  54,Path end reached
385,  43,Path end reached
386,  51,Path end reached
387,  44,Path end reached
388,  50,Path end reached
389,  50,Path end reached
390,  47,Path end reached
391,  50,Path end reached
392,  49,Path end reached
393,  40,Path end reached
394,  39,Path end reached
395,  48,Reset Environment
396,  52,Reset Environment
397,  61,Start planning path
398,  59,Start planning path
399,  61,Start planning path
400,  59,Start planning path
401,  62,Start planning path
402,  59,Start planning path
403,  60,Start planning path
404,  59,Start planning path
405,  60,Start planning path
406,  60,Start planning path
407,  59,Start planning path
408,  57,Start planning path
409,  60,Start planning path
410,  61,Start planning path
411,  58,Start planning path
412,  60,Start planning path
413,  58,Start planning path
414,  58,Start planning path
415,  58,Start planning path
416,  61,Start planning path
417,  58,Start planning path
418,  60,Start planning path
419,  60,Start planning path
420,  59,Start planning path
421,  59,Start planning path
422,  56,Start planning path
423,  60,Start planning path
424,  60,Start planning path
425,  60,Start planning path
426,  60,Start planning path
427,  60,Start planning path
428,  60,Start planning path
429,  59,Start planning path
430,  59,Start planning path
431,  59,Start planning path
432,  51,Start planning path
433,  60,Start planning path
434,  61,Start planning path
435,  60,Start planning path
436,  58,Start planning path
437,  60,Start planning path
438,  59,Start planning path
439,  60,Start planning path
440,  60,Start planning path
441,  60,Start planning path
442,  60,Start planning path
443,  60,Start planning path
444,  62,Start planning path
445,  61,Start planning path
446,  60,Start planning path
447,  61,Start planning path
448,  59,Start planning path
449,  60,Start planning path
450,  59,Start planning path
451,  60,Start planning path
452,  61,Start planning path
453,  52,Start planning path
454,  49,Start planning path
455,  60,Start planning path
456,  61,Start planning path
457,  63,Start planning path
458,  59,Start planning path
459,  59,Start planning path
460,  48,Start planning path
461,  45,Start planning path
462,  42,Start planning path
463,  41,Start planning path
464,  50,Start planning path
465,  40,Start planning path
466,  54,Start planning path
467,  48,Start planning path
468,  43,Start planning path
469,  43,Start planning path
470,  45,Start planning path
471,  44,Start planning path
472,  45,Start planning path
473,  44,Start planning path
474,  41,Start planning path
475,  43,Path end reached
476,  45,Path end reached
477,  43,Start executing path
478,  53,Start executing path
479,  43,Start executing path
480,  39,Start executing path
481,  46,Start executing path
482,  46,Start executing path
483,  45,Start executing path
484,  37,Start executing path
485,  42,Start executing path
486,  52,Start executing path
487,  56,Start executing path
488,  52,Start executing path
489,  40,Start executing path
490,  52,Start executing path
491,  45,Start executing path
492,  46,Start executing path
493,  45,Path end reached
494,  46,Path end reached
495,  43,Path end reached
496,  45,Path end reached
497,  45,Path end reached
498,  45,Path end reached
499,  44,Path end reached
500,  45,Path end reached
501,  52,Path end reached
502,  45,Path end reached
503,  45,Path end reached
504,  54,Path end reached
505,  38,Path end reached
506,  44,Path end reached
507,  41,Path end reached
508,  43,Path end reached
509,  39,Path end reached
510,  53,Path end reached
511,  46,Path end reached
512,  42,Path end reached
513,  50,Path end reached
514,  49,Path end reached
515,  54,Path end reached
516,  55,Path end reached
517,  48,Path end reached
518,  49,Path end reached
519,  56,Path end reached
520,  52,Path end reached
521,  45,Path end reached
522,  45,Path end reached
523,  54,Path end reached
524,  46,Path end reached
525,  44,Path end reached
526,  50,Path end reached
527,  53,Path end reached
528,  44,Path end reached
529,  45,Path end reached
530,  47,Path end reached
531,  39,Path end reached
532,  44,Path end reached
533,  39,Path end reached
534,  53,Path end reached
535,  48,Path end reached
536,  42,Path end reached
537,  53,Path end reached
538,  44,Path end reached
539,  53,Path end reached
540,  51,Path end reached
541,  45,Path end reached
542,  44,Path end reached
543,  53,Path end reached
544,  42,Path end reached
545,  42,Path end reached
546,  44,Path end reached
547,  44,Path end reached
548,  53,Path end reached
549,  52,Path end reached
550,  50,Path end reached
551,  43,Path end reached
552,  54,Path end reached
553,  41,Path end reached
554,  49,Path end reached
555,  51,Path end reached
556,  50,Path end reached
557,  61,Path end reached
558,  53,Path end reached
559,  53,Reset Environment
560,  64,Start planning path
561,  61,Start planning path
562,  51,Start planning path
563,  60,Start planning path
564,  61,Start planning path
565,  60,Start planning path
566,  61,Start planning path
567,  60,Start planning path
568,  62,Start planning path
569,  60,Start planning path
570,  60,Start planning path
571,  60,Start planning path
572,  58,Start planning path
573,  60,Start planning path
574,  60,Start planning path
575,  58,Start planning path
576,  60,Start planning path
577,  60,Start planning path
578,  60,Start planning path
579,  61,Start planning path
580,  59,Start planning path
581,  60,Start planning path
582,  58,Start planning path
583,  62,Start planning path
584,  60,Start planning path
585,  61,Start planning path
586,  61,Start planning path
587,  58,Start planning path
588,  60,Start planning path
589,  59,Start planning path
590,  61,Start planning path
591,  60,Start planning path
592,  60,Start planning path
593,  61,Start planning path
594,  59,Start planning path
595,  61,Start planning path
596,  61,Start planning path
597,  61,Start planning path
598,  61,Start planning path
599,  39,Start planning path
600,  50,Start planning path
601,  59,Start planning path
602,  62,Start planning path
603,  61,Start planning path
604,  60,Start planning path
605,  61,Start planning path
606,  59,Start planning path
607,  60,Start planning path
608,  61,Start planning path
609,  52,Start planning path
610,  48,Start planning path
611,  61,Start planning path
612,  60,Start planning path
613,  60,Start planning path
614,  61,Start planning path
615,  60,Start planning path
616,  60,Start planning path
617,  59,Start planning path
618,  60,Start planning path
619,  60,Start planning path
620,  59,Start planning path
621,  60,Start planning path
622,  60,Start planning path
623,  59,Start planning path
624,  61,Start planning path
625,  61,Start planning path
626,  54,Start planning path
627,  62,Start planning path
628,  60,Start planning path
629,  60,Start planning path
630,  62,Start planning path
631,  56,Start planning path
632,  59,Start planning path
633,  44,Start planning path
634,  40,Start planning path
635,  42,Start planning path
636,  51,Start planning path
637,  45,Start planning path
638,  45,Start planning path
639,  40,Start planning path
640,  39,Start planning path
641,  50,Start planning path
642,  44,Start planning path
643,  52,Start planning path
644,  42,Start planning path
645,  53,Start planning path
646,  42,Start planning path
647,  53,Start planning path
648,  44,Start planning path
649,  52,Start planning path
650,  42,Start planning path
651,  53,Start executing path
652,  53,Start executing path
653,  53,Start executing path
654,  38,Start executing path
655,  43,Start executing path
656,  54,Start executing path
657,  46,Start executing path
658,  51,Start executing path
659,  58,Start executing path
660,  50,Start executing path
661,  53,Start executing path
662,  56,Start executing path
663,  46,Start executing path
664,  46,Start executing path
665,  46,Start executing path
666,  45,Start executing path
667,  41,Start executing path
668,  51,Path end reached
669,  44,Path end reached
670,  46,Path end reached
671,  39,Path end reached
672,  46,Path end reached
673,  42,Path end reached
674,  38,Path end reached
675,  53,Path end reached
676,  39,Path end reached
677,  44,Path end reached
678,  39,Path end reached
679,  53,Path end reached
680,  43,Path end reached
681,  46,Path end reached
682,  52,Path end reached
683,  54,Path end reached
684,  54,Path end reached
685,  43,Path end reached
686,  48,Path end reached
687,  51,Path end reached
688,  49,Path end reached
689,  54,Path end reached
690,  41,Path end reached
691,  45,Path end reached
692,  54,Path end reached
693,  50,Path end reached
694,  51,Path end reached
695,  53,Path end reached
696,  44,Path end reached
697,  50,Path end reached
698,  53,Path end reached
699,  39,Path end reached
700,  44,Path end reached
701,  54,Path end reached
702,  52,Path end reached
703,  52,Path end reached
704,  51,Path end reached
705,  51,Path end reached
706,  50,Path end reached
707,  51,Path end reached
708,  53,Path end reached
709,  52,Path end reached
710,  52,Path end reached
711,  54,Path end reached
712,  53,Path end reached
713,  44,Path end reached
714,  50,Path end reached
715,  53,Path end reached
716,  42,Path end reached
717,  44,Path end reached
718,  46,Path end reached
719,  55,Path end reached
720,  45,Path end reached
721,  46,Path end reached
722,  54,Path end reached
723,  45,Path end reached
724,  41,Path end reached
725,  41,Path end reached
726,  41,Path end reached
727,  51,Path end reached
728,  60,Path end reached
729,  59,Path end reached
730,  61,Reset Environment
731,  52,Start planning path
732,  62,Start planning path
733,  60,Start planning path
734,  63,Start planning path
735,  61,Start planning path
736,  61,Start planning path
737,  60,Start planning path
738,  59,Start planning path
739,  58,Start planning path
740,  60,Start planning path
741,  59,Start planning path
742,  61,Start planning path
743,  58,Start planning path
744,  59,Start planning path
745,  60,Start planning path
746,  60,Start planning path
747,  58,Start planning path
748,  58,Start planning path
749,  58,Start planning path
750,  59,Start planning path
751,  62,Start planning path
752,  61,Start planning path
753,  59,Start planning path
754,  62,Start planning path
755,  58,Start planning path
756,  55,Start planning path
757,  59,Start planning path
758,  60,Start planning path
759,  61,Start planning path
760,  59,Start planning path
761,  62,Start planning path
762,  62,Start planning path
763,  60,Start planning path
764,  60,Start planning path
765,  57,Start planning path
766,  60,Start planning path
767,  63,Start planning path
768,  59,Start planning path
769,  60,Start planning path
770,  60,Start planning path
771,  50,Start planning path
772,  60,Start planning path
773,  58,Start planning path
774,  60,Start planning path
775,  59,Start planning path
776,  63,Start planning path
777,  60,Start planning path
778,  59,Start planning path
779,  59,Start planning path
780,  61,Start planning path
781,  59,Start planning path
782,  56,Start planning path
783,  60,Start planning path
784,  60,Start planning path
785,  61,Start planning path
786,  58,Start planning path
787,  60,Start planning path
788,  59,Start planning path
789,  60,Start planning path
790,  60,Start planning path
791,  65,Start planning path
792,  49,Start planning path
793,  43,Start planning path
794,  43,Start planning path
795,  58,Start planning path
796,  48,Start planning path
797,  47,Start planning path
798,  42,Start planning path
799,  52,Start planning path
800,  45,Start planning path
801,  51,Start planning path
802,  49,Start planning path
803,  50,Start planning path
804,  54,Start planning path
805,  41,Start planning path
806,  41,Start planning path
807,  55,Start planning path
808,  53,Start planning path
809,  42,Path end reached
810,  49,Path end reached
811,  50,Start executing path
812,  40,Start executing path
813,  42,Start executing path
814,  45,Start executing path
815,  45,Start executing path
816,  42,Start executing path
817,  41,Start executing path
818,  42,Start executing path
819,  46,Start executing path
820,  39,Start executing path
821,  39,Start executing path
822,  45,Start executing path
823,  41,Start executing path
824,  50,Start executing path
825,  40,Start executing path
826,  44,Start executing path
827,  55,Start executing path
828,  52,Start executing path
829,  45,Path end reached
830,  44,Path end reached
831,  45,Path end reached
832,  41,Path end reached
833,  43,Path end reached
834,  44,Path end reached
835,  38,Path end reached
836,  50,Path end reached
837,  38,Path end reached
838,  49,Path end reached
839,  42,Path end reached
840,  44,Path end reached
841,  44,Path end reached
842,  38,Path end reached
843,  52,Path end reached
844,  45,Path end reached
845,  44,Path end reached
846,  45,Path end reached
847,  54,Path end reached
848,  42,Path end reached
849,  41,Path end reached
850,  54,Path end reached
851,  51,Path end reached
852,  41,Path end reached
853,  64,Path end reached
854,  42,Path end reached
855,  39,Path end reached
856,  43,Path end reached
857,  47,Path end reached
858,  56,Path end reached
859,  40,Path end reached
860,  44,Path end reached
861,  39,Path end reached
862,  43,Path end reached
863,  42,Path end reached
864,  43,Path end reached
865,  44,Path end reached
866,  42,Path end reached
867,  51,Path end reached
868,  42,Path end reached
869,  44,Path end reached
870,  45,Path end reached
871,  46,Path end reached
872,  44,Path end reached
873,  39,Path end reached
874,  44,Path end reached
875,  53,Path end reached
876,  54,Path end reached
877,  53,Path end reached
878,  46,Path end reached
879,  42,Path end reached
880,  55,Path end reached
881,  46,Path end reached
882,  41,Path end reached
883,  51,Path end reached
884,  41,Path end reached
885,  41,Path end reached
886,  40,Path end reached
887,  48,Path end reached
888,  41,Path end reached
889,  51,Path end reached
890,  53,Path end reached
891,  52,Path end reached
892,  52,Path end reached
893,  53,Path end reached
894,  44,Path end reached
895,  44,Path end reached
896,  46,Path end reached
897,  41,Path end reached
898,  42,Path end reached
899,  53,Path end reached
900,  38,Path end reached
901,  43,Path end reached
902,  49,Path end reached
903,  51,Path end reached
904,  49,Path end reached
905,  48,Path end reached
906,  45,Path end reached
907,  61,Path end reached
908,  58,Reset Environment
909,  58,Start planning path
910,  60,Start planning path
911,  62,Start planning path
912,  60,Start planning path
913,  60,Start planning path
914,  63,Start planning path
915,  60,Start planning path
916,  62,Start planning path
917,  59,Start planning path
918,  60,Start planning path
919,  60,Start planning path
920,  57,Start planning path
921,  61,Start planning path
922,  61,Start planning path
923,  60,Start planning path
924,  60,Start planning path
925,  60,Start planning path
926,  55,Start planning path
927,  56,Start planning path
928,  59,Start planning path
929,  60,Start planning path
930,  60,Start planning path
931,  65,Start planning path
932,  60,Start planning path
933,  61,Start planning path
934,  59,Start planning path
935,  59,Start planning path
936,  60,Start planning path
937,  60,Start planning path
938,  62,Start planning path
939,  62,Start planning path
940,  62,Start planning path
941,  60,Start planning path
942,  60,Start planning path
943,  61,Start planning path
944,  49,Start planning path
945,  44,Start planning path
946,  52,Start planning path
947,  40,Start planning path
948,  59,Start planning path
949,  61,Start planning path
950,  52,Start planning path
951,  61,Start planning path
952,  59,Start planning path
953,  51,Start planning path
954,  59,Start planning path
955,  59,Start planning path
956,  60,Start planning path
957,  61,Start planning path
958,  60,Start planning path
959,  51,Start planning path
960,  51,Start planning path
961,  59,Start planning path
962,  50,Start planning path
963,  49,Start planning path
964,  53,Start planning path
965,  41,Start planning path
966,  62,Start planning path
967,  63,Start planning path
968,  60,Start planning path
969,  36,Start planning path
970,  49,Start planning path
971,  46,Start planning path
972,  40,Start planning path
973,  45,Start planning path
974,  46,Start planning path
975,  45,Start planning path
976,  53,Start planning path
977,  46,Start planning path
978,  45,Start planning path
979,  50,Start planning path
980,  53,Start planning path
981,  45,Start planning path
982,  52,Start planning path
983,  43,Start planning path
984,  45,Path end reached
985,  41,Path end reached
986,  48,Path end reached
987,  50,Start executing path
988,  55,Start executing path
989,  54,Start executing path
990,  41,Start executing path
991,  49,Start executing path
992,  50,Start executing path
993,  45,Start executing path
994,  51,Start executing path
995,  42,Start executing path
996,  54,Start executing path
997,  44,Start executing path
998,  53,Start executing path
999,  43,Start executing path
1000,  50,Start executing path
1001,  42,Start executing path
1002,  44,Start executing path
1003,  41,Path end reached
1004,  50,Path end reached
1005,  52,Path end reached
1006,  54,Path end reached
1007,  50,Path end reached
1008,  53,Path end reached
1009,  40,Path end reached
1010,  41,Path end reached
1011,  53,Path end reached
1012,  51,Path end reached
1013,  52,Path end reached
1014,  52,Path end reached
1015,  42,Path end reached
1016,  46,Path end reached
1017,  52,Path end reached
1018,  51,Path end reached
1019,  45,Path end reached
1020,  54,Path end reached
1021,  54,Path end reached
1022,  41,Path end reached
1023,  50,Path end reached
1024,  54,Path end reached
1025,  52,Path end reached
1026,  45,Path end reached
1027,  50,Path end reached
1028,  48,Path end reached
1029,  50,Path end reached
1030,  45,Path end reached
1031,  50,Path end reached
1032,  50,Path end reached
1033,  51,Path end reached
1034,  50,Path end reached
1035,  50,Path end reached
1036,  54,Path end reached
1037,  50,Path end reached
1038,  52,Path end reached
1039,  49,Path end reached
1040,  51,Path end reached
1041,  53,Path end reached
1042,  50,Path end reached
1043,  52,Path end reached
1044,  53,Path end reached
1045,  52,Path end reached
1046,  49,Path end reached
1047,  50,Path end reached
1048,  43,Path end reached
1049,  45,Path end reached
1050,  49,Path end reached
1051,  49,Path end reached
1052,  49,Path end reached
1053,  42,Path end reached
1054,  49,Path end reached
1055,  49,Path end reached
1056,  49,Path end reached
1057,  42,Path end reached
1058,  49,Path end reached
1059,  55,Path end reached
1060,  60,Reset Environment
1061,  53,Start planning path
1062,  68,Start planning path
1063,  60,Start planning path
1064,  59,Start planning path
1065,  62,Start planning path
1066,  63,Start planning path
1067,  59,Start planning path
1068,  59,Start planning path
1069,  60,Start planning path
1070,  61,Start planning path
1071,  60,Start planning path
1072,  63,Start planning path
1073,  60,Start planning path
1074,  60,Start planning path
1075,  60,Start planning path
1076,  61,Start planning path
1077,  61,Start planning path
1078,  60,Start planning path
1079,  59,Start planning path
1080,  60,Start planning path
1081,  60,Start planning path
1082,  58,Start planning path
1083,  59,Start planning path
1084,  63,Start planning path
1085,  62,Start planning path
1086,  63,Start planning path
1087,  62,Start planning path
1088,  65,Start planning path
1089,  62,Start planning path
1090,  63,Start planning path
1091,  61,Start planning path
1092,  64,Start planning path
1093,  58,Start planning path
1094,  62,Start planning path
1095,  59,Start planning path
1096,  59,Start planning path
1097,  59,Start planning path
1098,  59,Start planning path
1099,  50,Start planning path
1100,  59,Start planning path
1101,  59,Start planning path
1102,  61,Start planning path
1103,  41,Start planning path
1104,  59,Start planning path
1105,  60,Start planning path
1106,  49,Start planning path
1107,  53,Start planning path
1108,  60,Start planning path
1109,  60,Start planning path
1110,  59,Start planning path
1111,  61,Start planning path
1112,  62,Start planning path
1113,  49,Start planning path
1114,  52,Start planning path
1115,  49,Start planning path
1116,  52,Start planning path
1117,  52,Start planning path
1118,  51,Start planning path
1119,  60,Start planning path
1120,  65,Start planning path
1121,  54,Start planning path
1122,  46,Start planning path
1123,  53,Start planning path
1124,  42,Start planning path
1125,  45,Start planning path
1126,  46,Start planning path
1127,  43,Start planning path
1128,  44,Start planning path
1129,  45,Start planning path
1130,  51,Start planning path
1131,  44,Start planning path
1132,  53,Start planning path
1133,  52,Start planning path
1134,  42,Start planning path
1135,  43,Start planning path
1136,  45,Start planning path
1137,  49,Path end reached
1138,  45,Path end reached
1139,  41,Path end reached
1140,  45,Start executing path
1141,  48,Start executing path
1142,  54,Start executing path
1143,  51,Start executing path
1144,  50,Start executing path
1145,  42,Start executing path
1146,  53,Start executing path
1147,  44,Start executing path
1148,  43,Start executing path
1149,  45,Start executing path
1150,  51,Start executing path
1151,  52,Start executing path
1152,  44,Start executing path
1153,  46,Start executing path
1154,  44,Start executing path
1155,  39,Start executing path
1156,  53,Path end reached
1157,  45,Path end reached
1158,  54,Path end reached
1159,  43,Path end reached
1160,  42,Path end reached
1161,  44,Path end reached
1162,  42,Path end reached
1163,  52,Path end reached
1164,  41,Path end reached
1165,  44,Path end reached
1166,  54,Path end reached
1167,  45,Path end reached
1168,  44,Path end reached
1169,  55,Path end reached
1170,  40,Path end reached
1171,  52,Path end reached
1172,  42,Path end reached
1173,  46,Path end reached
1174,  42,Path end reached
1175,  54,Path end reached
1176,  38,Path end reached
1177,  46,Path end reached
1178,  52,Path end reached
1179,  45,Path end reached
1180,  43,Path end reached
1181,  45,Path end reached
1182,  52,Path end reached
1183,  50,Path end reached
1184,  43,Path end reached
1185,  45,Path end reached
1186,  50,Path end reached
1187,  45,Path end reached
1188,  39,Path end reached
1189,  44,Path end reached
1190,  51,Path end reached
1191,  45,Path end reached
1192,  45,Path end reached
1193,  44,Path end reached
1194,  43,Path end reached
1195,  47,Path end reached
1196,  40,Path end reached
1197,  43,Path end reached
1198,  43,Path end reached
1199,  44,Path end reached
1200,  51,Path end reached
1201,  46,Path end reached
1202,  44,Path end reached
1203,  39,Path end reached
1204,  39,Path end reached
1205,  44,Path end reached
1206,  43,Path end reached
1207,  48,Path end reached
1208,  42,Path end reached
1209,  46,Path end reached
1210,  45,Path end reached
1211,  42,Path end reached
1212,  42,Path end reached
1213,  51,Path end reached
1214,  54,Path end reached
1215,  51,Path end reached
1216,  44,Path end reached
1217,  39,Path end reached
1218,  46,Path end reached
1219,  41,Path end reached
1220,  46,Path end reached
1221,  50,Path end reached
1222,  53,Path end reached
1223,  45,Path end reached
1224,  60,Path end reached
1225,  50,Reset Environment
1226,  51,Start planning path
1227,  60,Start planning path
1228,  61,Start planning path
1229,  59,Start planning path
1230,  59,Start planning path
1231,  60,Start planning path
1232,  60,Start planning path
1233,  59,Start planning path
1234,  60,Start planning path
1235,  61,Start planning path
1236,  60,Start planning path
1237,  60,Start planning path
1238,  59,Start planning path
1239,  58,Start planning path
1240,  62,Start planning path
1241,  61,Start planning path
1242,  60,Start planning path
1243,  58,Start planning path
1244,  59,Start planning path
1245,  60,Start planning path
1246,  60,Start planning path
1247,  59,Start planning path
1248,  60,Start planning path
1249,  59,Start planning path
1250,  63,Start planning path
1251,  60,Start planning path
1252,  60,Start planning path
1253,  60,Start planning path
1254,  62,Start planning path
1255,  59,Start planning path
1256,  60,Start planning path
1257,  63,Start planning path
1258,  59,Start planning path
1259,  57,Start planning path
1260,  58,Start planning path
1261,  60,Start planning path
1262,  64,Start planning path
1263,  65,Start planning path
1264,  64,Start planning path
1265,  63,Start planning path
1266,  63,Start planning path
1267,  60,Start planning path
1268,  50,Start planning path
1269,  59,Start planning path
1270,  59,Start planning path
1271,  61,Start planning path
1272,  60,Start planning path
1273,  59,Start planning path
1274,  57,Start planning path
1275,  58,Start planning path
1276,  60,Start planning path
1277,  55,Start planning path
1278,  60,Start planning path
1279,  60,Start planning path
1280,  59,Start planning path
1281,  60,Start planning path
1282,  60,Start planning path
1283,  59,Start planning path
1284,  60,Start planning path
1285,  59,Start planning path
1286,  61,Start planning path
1287,  60,Start planning path
1288,  64,Start planning path
1289,  59,Start planning path
1290,  59,Start planning path
1291,  60,Start planning path
1292,  59,Start planning path
1293,  55,Start planning path
1294,  43,Start planning path
1295,  43,Start planning path
1296,  53,Start planning path
1297,  40,Start planning path
1298,  53,Start planning path
1299,  45,Start planning path
1300,  45,Start planning path
1301,  44,Start planning path
1302,  46,Start planning path
1303,  45,Start planning path
1304,  46,Start planning path
1305,  41,Start planning path
1306,  43,Start planning path
1307,  43,Start planning path
1308,  45,Start planning path
1309,  52,Path end reached
1310,  52,Path end reached
1311,  64,Path end reached
1312,  44,Path end reached
1313,  47,Path end reached
1314,  61,Path end reached
1315,  53,Path end reached
1316,  41,Path end reached
1317,  53,Path end reached
1318,  38,Path end reached
1319,  43,Path end reached
1320,  51,Path end reached
1321,  53,Path end reached
1322,  53,Path end reached
1323,  54,Path end reached
1324,  52,Path end reached
1325,  48,Path end reached
1326,  55,Path end reached
1327,  52,Path end reached
1328,  45,Path end reached
1329,  50,Start executing path
1330,  42,Start executing path
1331,  55,Start executing path
1332,  45,Start executing path
1333,  54,Start executing path
1334,  45,Start executing path
1335,  45,Start executing path
1336,  54,Start executing path
1337,  42,Start executing path
1338,  56,Start executing path
1339,  43,Start executing path
1340,  44,Start executing path
1341,  46,Start executing path
1342,  43,Start executing path
1343,  44,Start executing path
1344,  38,Start executing path
1345,  41,Start executing path
1346,  41,Start executing path
1347,  53,Path end reached
1348,  42,Path end reached
1349,  52,Path end reached
1350,  39,Path end reached
1351,  52,Path end reached
1352,  41,Path end reached
1353,  54,Path end reached
1354,  45,Path end reached
1355,  55,Path end reached
1356,  41,Path end reached
1357,  50,Path end reached
1358,  50,Path end reached
1359,  53,Path end reached
1360,  43,Path end reached
1361,  45,Path end reached
1362,  53,Path end reached
1363,  52,Path end reached
1364,  41,Path end reached
1365,  46,Path end reached
1366,  45,Path end reached
1367,  51,Path end reached
1368,  51,Path end reached
1369,  51,Path end reached
1370,  52,Path end reached
1371,  51,Path end reached
1372,  54,Path end reached
1373,  42,Path end reached
1374,  40,Path end reached
1375,  44,Path end reached
1376,  42,Path end reached
1377,  49,Path end reached
1378,  47,Path end reached
1379,  50,Path end reached
1380,  41,Path end reached
1381,  50,Path end reached
1382,  47,Path end reached
1383,  55,Path end reached
1384,  41,Path end reached
1385,  53,Path end reached
1386,  45,Path end reached
1387,  50,Path end reached
1388,  54,Path end reached
1389,  52,Path end reached
1390,  52,Path end reached
1391,  45,Path end reached
1392,  55,Path end reached
1393,  51,Path end reached
1394,  46,Path end reached
1395,  54,Path end reached
1396,  41,Path end reached
1397,  51,Path end reached
1398,  38,Path end reached
1399,  52,Path end reached
1400,  53,Path end reached
1401,  53,Path end reached
1402,  42,Path end reached
1403,  54,Path end reached
1404,  54,Path end reached
1405,  53,Path end reached
1406,  55,Path end reached
1407,  41,Path end reached
1408,  51,Path end reached
1409,  49,Path end reached
1410,  43,Path end reached
1411,  51,Path end reached
1412,  51,Path end reached
1413,  61,Path end reached
1414,  50,Path end reached
1415,  60,Path end reached
1416,  62,Reset Environment
1417,  59,Start planning path
1418,  65,Start planning path
1419,  54,Start planning path
1420,  61,Start planning path
1421,  61,Start planning path
1422,  62,Start planning path
1423,  59,Start planning path
1424,  61,Start planning path
1425,  61,Start planning path
1426,  60,Start planning path
1427,  61,Start planning path
1428,  61,Start planning path
1429,  60,Start planning path
1430,  61,Start planning path
1431,  63,Start planning path
1432,  60,Start planning path
1433,  59,Start planning path
1434,  60,Start planning path
1435,  60,Start planning path
1436,  60,Start planning path
1437,  61,Start planning path
1438,  60,Start planning path
1439,  60,Start planning path
1440,  60,Start planning path
1441,  61,Start planning path
1442,  61,Start planning path
1443,  61,Start planning path
1444,  60,Start planning path
1445,  62,Start planning path
1446,  59,Start planning path
1447,  61,Start planning path
1448,  61,Start planning path
1449,  60,Start planning path
1450,  63,Start planning path
1451,  47,Start planning path
1452,  60,Start planning path
1453,  63,Start planning path
1454,  62,Start planning path
1455,  46,Start planning path
1456,  53,Start planning path
1457,  49,Start planning path
1458,  47,Start planning path
1459,  53,Start planning path
1460,  51,Start planning path
1461,  61,Start planning path
1462,  59,Start planning path
1463,  59,Start planning path
1464,  61,Start planning path
1465,  60,Start planning path
1466,  60,Start planning path
1467,  58,Start planning path
1468,  60,Start planning path
1469,  62,Start planning path
1470,  62,Start planning path
1471,  59,Start planning path
1472,  60,Start planning path
1473,  50,Start planning path
1474,  60,Start planning path
1475,  54,Start planning path
1476,  42,Start planning path
1477,  62,Start planning path
1478,  59,Start planning path
1479,  59,Start planning path
1480,  60,Start planning path
1481,  44,Start planning path
1482,  45,Start planning path
1483,  41,Start planning path
1484,  46,Start planning path
1485,  42,Start planning path
1486,  42,Start planning path
1487,  43,Start planning path
1488,  45,Start planning path
1489,  43,Start planning path
1490,  46,Start planning path
1491,  51,Start planning path
1492,  51,Start planning path
1493,  46,Start planning path
1494,  43,Start planning path
1495,  45,Start planning path
1496,  53,Start planning path
1497,  52,Start planning path
1498,  45,Start planning path
1499,  40,Start planning path
1500,  45,Start planning path
1501,  58,Start executing path
1502,  50,Start executing path
1503,  52,Start executing path
1504,  43,Start executing path
1505,  54,Start executing path
1506,  44,Start executing path
1507,  42,Start executing path
1508,  42,Start executing path
1509,  53,Start executing path
1510,  41,Start executing path
1511,  38,Start executing path
1512,  51,Start executing path
1513,  51,Start executing path
1514,  51,Start executing path
1515,  49,Start executing path
1516,  53,Start executing path
1517,  43,Start executing path
1518,  45,Start executing path
1519,  49,Path end reached
1520,  53,Path end reached
1521,  51,Path end reached
1522,  49,Path end reached
1523,  52,Path end reached
1524,  50,Path end reached
1525,  50,Path end reached
1526,  42,Path end reached
1527,  52,Path end reached
1528,  49,Path end reached
1529,  46,Path end reached
1530,  53,Path end reached
1531,  53,Path end reached
1532,  52,Path end reached
1533,  45,Path end reached
1534,  55,Path end reached
1535,  39,Path end reached
1536,  46,Path end reached
1537,  44,Path end reached
1538,  43,Path end reached
1539,  39,Path end reached
1540,  43,Path end reached
1541,  58,Path end reached
1542,  53,Path end reached
1543,  50,Path end reached
1544,  52,Path end reached
1545,  46,Path end reached
1546,  55,Path end reached
1547,  46,Path end reached
1548,  52,Path end reached
1549,  44,Path end reached
1550,  55,Path end reached
1551,  54,Path end reached
1552,  44,Path end reached
1553,  39,Path end reached
1554,  44,Path end reached
1555,  53,Path end reached
1556,  55,Path end reached
1557,  46,Path end reached
1558,  50,Path end reached
1559,  52,Path end reached
1560,  53,Path end reached
1561,  54,Path end reached
1562,  42,Path end reached
1563,  49,Path end reached
1564,  53,Path end reached
1565,  42,Path end reached
1566,  44,Path end reached
1567,  49,Path end reached
1568,  49,Path end reached
1569,  53,Path end reached
1570,  42,Path end reached
1571,  55,Path end reached
1572,  41,Path end reached
1573,  53,Path end reached
1574,  51,Path end reached
1575,  42,Path end reached
1576,  41,Path end reached
1577,  42,Path end reached
1578,  50,Path end reached
1579,  53,Path end reached
1580,  51,Path end reached
1581,  56,Path end reached
1582,  42,Path end reached
1583,  49,Path end reached
1584,  49,Path end reached
1585,  49,Reset Environment
1586,  52,Reset Environment
1587,  60,Reset Environment
1588,  48,Reset Environment
1589,  49,Reset Environment
1590,  55,Reset Environment
1591,  51,Reset Environment
1592,  57,Reset Environment
1593,  49,Reset Environment
1594,  50,Reset Environment
1595,  47,Reset Environment
1596,  65,Reset Environment
1597,  57,Start planning path
1598,  58,Start planning path
1599,  62,Start planning path
1600,  61,Start planning path
1601,  60,Start planning path
1602,  61,Start planning path
1603,  59,Start planning path
1604,  59,Start planning path
1605,  61,Start planning path
1606,  62,Start planning path
1607,  63,Start planning path
1608,  61,Start planning path
1609,  62,Start planning path
1610,  59,Start planning path
1611,  60,Start planning path
1612,  60,Start planning path
1613,  59,Start planning path
1614,  60,Start planning path
1615,  61,Start planning path
1616,  62,Start planning path
1617,  60,Start planning path
1618,  62,Start planning path
1619,  59,Start planning path
1620,  58,Start planning path
1621,  59,Start planning path
1622,  60,Start planning path
1623,  60,Start planning path
1624,  58,Start planning path
1625,  60,Start planning path
1626,  60,Start planning path
1627,  60,Start planning path
1628,  60,Start planning path
1629,  63,Start planning path
1630,  63,Start planning path
1631,  61,Start planning path
1632,  51,Start planning path
1633,  50,Start planning path
1634,  64,Start planning path
1635,  60,Start planning path
1636,  62,Start planning path
1637,  63,Start planning path
1638,  60,Start planning path
1639,  51,Start planning path
1640,  60,Start planning path
1641,  59,Start planning path
1642,  59,Start planning path
1643,  62,Start planning path
1644,  60,Start planning path
1645,  60,Start planning path
1646,  60,Start planning path
1647,  62,Start planning path
1648,  59,Start planning path
1649,  62,Start planning path
1650,  60,Start planning path
1651,  59,Start planning path
1652,  61,Start planning path
1653,  57,Start planning path
1654,  60,Start planning path
1655,  61,Start planning path
1656,  60,Start planning path
1657,  60,Start planning path
1658,  52,Start planning path
1659,  42,Start planning path
1660,  53,Start planning path
1661,  45,Start planning path
1662,  44,Start planning path
1663,  45,Start planning path
1664,  50,Start planning path
1665,  45,Start planning path
1666,  45,Start planning path
1667,  45,Start planning path
1668,  45,Start planning path
1669,  53,Start planning path
1670,  50,Start planning path
1671,  45,Start planning path
1672,  45,Start planning path
1673,  45,Path end reached
1674,  50,Path end reached
1675,  49,Start executing path
1676,  51,Start executing path
1677,  46,Start executing path
1678,  50,Start executing path
1679,  52,Start executing path
1680,  39,Start executing path
1681,  52,Start executing path
1682,  44,Start executing path
1683,  44,Start executing path
1684,  51,Start executing path
1685,  55,Start executing path
1686,  41,Start executing path
1687,  50,Start executing path
1688,  55,Start executing path
1689,  53,Start executing path
1690,  61,Start executing path
1691,  41,Start executing path
1692,  47,Start executing path
1693,  44,Path end reached
1694,  41,Path end reached
1695,  51,Path end reached
1696,  43,Path end reached
1697,  44,Path end reached
1698,  45,Path end reached
1699,  50,Path end reached
1700,  44,Path end reached
1701,  45,Path end reached
1702,  50,Path end reached
1703,  45,Path end reached
1704,  46,Path end reached
1705,  38,Path end reached
1706,  50,Path end reached
1707,  47,Path end reached
1708,  53,Path end reached
1709,  45,Path end reached
1710,  53,Path end reached
1711,  53,Path end reached
1712,  52,Path end reached
1713,  53,Path end reached
1714,  50,Path end reached
1715,  45,Path end reached
1716,  47,Path end reached
1717,  41,Path end reached
1718,  38,Path end reached
1719,  43,Path end reached
1720,  39,Path end reached
1721,  49,Path end reached
1722,  43,Path end reached
1723,  49,Path end reached
1724,  38,Path end reached
1725,  50,Path end reached
1726,  50,Path end reached
1727,  42,Path end reached
1728,  50,Path end reached
1729,  43,Path end reached
1730,  44,Path end reached
1731,  49,Path end reached
1732,  53,Path end reached
1733,  50,Path end reached
1734,  50,Path end reached
1735,  41,Path end reached
1736,  53,Path end reached
1737,  57,Path end reached
1738,  42,Path end reached
1739,  52,Path end reached
1740,  45,Path end reached
1741,  42,Path end reached
1742,  45,Path end reached
1743,  53,Path end reached
1744,  51,Path end reached
1745,  53,Path end reached
1746,  41,Path end reached
1747,  47,Path end reached
1748,  50,Path end reached
1749,  50,Path end reached
1750,  50,Path end reached
1751,  48,Path end reached
1752,  42,Path end reached
1753,  40,Path end reached
1754,  53,Path end reached
1755,  56,Path end reached
1756,  53,Path end reached
1757,  52,Path end reached
1758,  53,Path end reached
1759,  49,Path end reached
1760,  39,Path end reached
1761,  42,Path end reached
1762,  50,Path end reached
1763,  52,Path end reached
1764,  61,Path end reached
1765,  60,Reset Environment
1766,  46,Reset Environment
1767,  45,Reset Environment
